product_name,orders,net_revenue,avg_aov,pct_of_orders,pct_of_revenue,cumulative_pct_of_revenue
27in 4K gaming monitor,23408,9208024.630000036,419.25167918772644,21.65582703462823,35.58464933021251,35.58464933021251
Apple Airpods Headphones,48402,7309525.549999885,159.71519359349486,44.778936266664196,28.247850534580248,63.83249986479275
Macbook Air Laptop,3964,5548943.960000009,1580.4454457419565,3.667280347114931,21.444037446020634,85.27653731081338
ThinkPad Laptop,2916,2823271.9399999892,1097.2685347842944,2.6977269152843437,10.910607430545936,96.18714474135932
Samsung Charging Cable Pack,21910,433761.6399999818,20.066693190228616,20.26995772080932,1.6762830761777807,97.8634278175371
Samsung Webcam,7176,352346.4199999948,50.40721316165877,6.63885059810715,1.3616518528421377,99.22507967037923
Apple iPhone,288,197182.40999999986,741.2872556390972,0.2664421644725278,0.7620165231830136,99.98709619356225
bose soundsport headphones,27,3339.04,123.66814814814815,0.02497895291929948,0.012903806437749753,100.0
