product_name,orders,net_revenue,avg_aov,pct_of_orders,pct_of_revenue,cumulative_pct_of_revenue
27in 4K gaming monitor,23408,9208024.629999997,419.2516791877247,21.65582703462823,35.58464933021242,35.58464933021242
Apple Airpods Headphones,48402,7309525.5499998955,159.7151935934951,44.778936266664196,28.247850534580333,63.83249986479275
Macbook Air Laptop,3964,5548943.959999985,1580.4454457419497,3.667280347114931,21.444037446020573,85.27653731081332
ThinkPad Laptop,2916,2823271.939999993,1097.2685347842958,2.6977269152843437,10.910607430545967,96.1871447413593
Samsung Charging Cable Pack,21910,433761.63999998325,20.066693190228683,20.26995772080932,1.676283076177789,97.86342781753709
Samsung Webcam,7176,352346.4199999969,50.40721316165907,6.63885059810715,1.3616518528421482,99.22507967037924
Apple iPhone,288,197182.41,741.2872556390978,0.2664421644725278,0.7620165231830155,99.98709619356225
bose soundsport headphones,27,3339.04,123.66814814814815,0.02497895291929948,0.012903806437749776,100.0
